,base,3.6,,10
,shade,6.3,,10
,dry,3.6,,10
,contrast,6.3,,10
,layer,3.6,,10
,technical,6.3,,10
,texture,6.3,,10
,testeur de couleur,1.9,,10
,creme de couleur,19.9,,10
,color resist,53.9,,10
,si simple,18.49,,10
,chalk paint,30.88,,10
,peinture de renovation,62.9,,10
,peinture monocouche,89.90,,10
,laque valénite,8.90,,10
,multi-support,51.90,,10
,peinture bicouche,51.90,,10
,peinture a l'huile,5.45,,10
,encre taille-douce,10.95,,10
,huile fine,5.25,,10
,encre de couleur,6.25,,10
,peinture sur verre,7.80,,10
,gouache solaire,4.45,,10
,acrylique collor,9.45,,10
,gouache fine,7.70,,10
,ondikyd,87.90,,10
,ondimat,70.20,,10
,nigatex,104.80,,10
,cofavelour,27.10,,10
,abyss,35.0,,10
,cofabrill,29.40,,10
,ultra solmur,61.0,,10
,peinture 4 en 1,32.70,,10
,peinture mur et plafond,175.10,,10
,peinture décorative,43.30,,10
,peinture bois interieur exterieur,46.80,,10
,peinture polyvalente anti moisissure,99.10,,10
,peinture laque intérieur et extérieur,58.40,,10
,peinture murs et plafonds,87.0,,10
,blanc monocouche,44.90,,10
,peinture a base de résine,44.90,,10
,peinture anti condensation,54.90,,10
